{"provides":{"Plack::App::Cascade":{"file":"lib/Plack/App/Cascade.pm"},"Plack::Middleware::Static":{"file":"lib/Plack/Middleware/Static.pm"},"HTTP::Message::PSGI":{"file":"lib/HTTP/Message/PSGI.pm"},"Plack::Middleware::Runtime":{"file":"lib/Plack/Middleware/Runtime.pm"},"Plack::Middleware::NullLogger":{"file":"lib/Plack/Middleware/NullLogger.pm"},"Plack::Handler::Apache2::Registry":{"file":"lib/Plack/Handler/Apache2/Registry.pm"},"Plack::Test":{"file":"lib/Plack/Test.pm"},"Plack::Middleware::ErrorDocument":{"file":"lib/Plack/Middleware/ErrorDocument.pm"},"Plack::Request":{"version":"1.0028","file":"lib/Plack/Request.pm"},"Plack::App::WrapCGI":{"file":"lib/Plack/App/WrapCGI.pm"},"Plack::Handler::Apache1":{"file":"lib/Plack/Handler/Apache1.pm"},"Plack::Handler::HTTP::Server::Simple":{"file":"lib/Plack/Handler/HTTP/Server/Simple.pm"},"Plack::Loader::Delayed":{"file":"lib/Plack/Loader/Delayed.pm"},"Plack::HTTPParser::PP":{"file":"lib/Plack/HTTPParser/PP.pm"},"Plack::Handler::HTTP::Server::Simple::PSGIServer":{"file":"lib/Plack/Handler/HTTP/Server/Simple.pm"},"Plack::Util::Accessor":{"file":"lib/Plack/Util/Accessor.pm"},"Plack::Handler::HTTP::Server::PSGI":{"file":"lib/Plack/Handler/HTTP/Server/PSGI.pm"},"Plack::Loader::Shotgun":{"file":"lib/Plack/Loader/Shotgun.pm"},"Plack::Middleware::Refresh":{"file":"lib/Plack/Middleware/Refresh.pm"},"Plack::Recursive::ForwardRequest":{"file":"lib/Plack/Middleware/Recursive.pm"},"Plack::App::URLMap":{"file":"lib/Plack/App/URLMap.pm"},"Plack::Middleware::Conditional":{"file":"lib/Plack/Middleware/Conditional.pm"},"Plack::Middleware::BufferedStreaming":{"file":"lib/Plack/Middleware/BufferedStreaming.pm"},"Plack::TempBuffer":{"file":"lib/Plack/TempBuffer.pm"},"Plack::Test::Suite":{"file":"lib/Plack/Test/Suite.pm"},"Plack::Util::Prototype":{"file":"lib/Plack/Util.pm"},"Plack":{"version":"1.0028","file":"lib/Plack.pm"},"Plack::Component":{"file":"lib/Plack/Component.pm"},"Plack::App::Directory":{"file":"lib/Plack/App/Directory.pm"},"Plack::Loader::Restarter":{"file":"lib/Plack/Loader/Restarter.pm"},"Plack::App::CGIBin":{"file":"lib/Plack/App/CGIBin.pm"},"Plack::Test::MockHTTP":{"file":"lib/Plack/Test/MockHTTP.pm"},"Plack::Middleware":{"file":"lib/Plack/Middleware.pm"},"Plack::Request::Upload":{"file":"lib/Plack/Request/Upload.pm"},"Plack::Handler::FCGI":{"file":"lib/Plack/Handler/FCGI.pm"},"Plack::Middleware::XSendfile":{"file":"lib/Plack/Middleware/XSendfile.pm"},"Plack::Middleware::Lint":{"file":"lib/Plack/Middleware/Lint.pm"},"Plack::Handler::Standalone":{"file":"lib/Plack/Handler/Standalone.pm"},"Plack::Middleware::RearrangeHeaders":{"file":"lib/Plack/Middleware/RearrangeHeaders.pm"},"Plack::Middleware::AccessLog":{"file":"lib/Plack/Middleware/AccessLog.pm"},"Plack::Middleware::ContentLength":{"file":"lib/Plack/Middleware/ContentLength.pm"},"Plack::Handler::Apache2":{"file":"lib/Plack/Handler/Apache2.pm"},"Plack::Middleware::Head":{"file":"lib/Plack/Middleware/Head.pm"},"Plack::Middleware::JSONP":{"file":"lib/Plack/Middleware/JSONP.pm"},"Plack::Util::IOWithPath":{"file":"lib/Plack/Util.pm"},"Plack::Middleware::Auth::Basic":{"file":"lib/Plack/Middleware/Auth/Basic.pm"},"Plack::Builder":{"file":"lib/Plack/Builder.pm"},"Plack::Handler::CGI::Writer":{"file":"lib/Plack/Handler/CGI.pm"},"Plack::MIME":{"file":"lib/Plack/MIME.pm"},"Plack::Middleware::LighttpdScriptNameFix":{"file":"lib/Plack/Middleware/LighttpdScriptNameFix.pm"},"Plack::Middleware::ContentMD5":{"file":"lib/Plack/Middleware/ContentMD5.pm"},"Plack::Loader":{"file":"lib/Plack/Loader.pm"},"Plack::Middleware::XFramework":{"file":"lib/Plack/Middleware/XFramework.pm"},"Plack::Util":{"file":"lib/Plack/Util.pm"},"Plack::Middleware::IIS6ScriptNameFix":{"file":"lib/Plack/Middleware/IIS6ScriptNameFix.pm"},"Plack::HTTPParser":{"file":"lib/Plack/HTTPParser.pm"},"HTTP::Server::PSGI":{"file":"lib/HTTP/Server/PSGI.pm"},"Plack::Middleware::Log4perl":{"file":"lib/Plack/Middleware/Log4perl.pm"},"Plack::Runner":{"file":"lib/Plack/Runner.pm"},"Plack::Middleware::Chunked":{"file":"lib/Plack/Middleware/Chunked.pm"},"Plack::Test::Server":{"file":"lib/Plack/Test/Server.pm"},"Plack::Middleware::LogDispatch":{"file":"lib/Plack/Middleware/LogDispatch.pm"},"Plack::Middleware::SimpleLogger":{"file":"lib/Plack/Middleware/SimpleLogger.pm"},"Plack::Handler::CGI":{"file":"lib/Plack/Handler/CGI.pm"},"Plack::LWPish":{"file":"lib/Plack/LWPish.pm"},"Plack::Middleware::ConditionalGET":{"file":"lib/Plack/Middleware/ConditionalGET.pm"},"Plack::Middleware::IIS7KeepAliveFix":{"file":"lib/Plack/Middleware/IIS7KeepAliveFix.pm"},"Plack::Middleware::SimpleContentFilter":{"file":"lib/Plack/Middleware/SimpleContentFilter.pm"},"Plack::Middleware::Recursive":{"file":"lib/Plack/Middleware/Recursive.pm"},"Plack::App::File":{"file":"lib/Plack/App/File.pm"},"Plack::Handler":{"file":"lib/Plack/Handler.pm"},"Plack::App::PSGIBin":{"file":"lib/Plack/App/PSGIBin.pm"},"Plack::Middleware::HTTPExceptions":{"file":"lib/Plack/Middleware/HTTPExceptions.pm"},"Plack::Response":{"version":"1.0028","file":"lib/Plack/Response.pm"},"Plack::Middleware::StackTrace":{"file":"lib/Plack/Middleware/StackTrace.pm"},"Plack::Middleware::AccessLog::Timed":{"file":"lib/Plack/Middleware/AccessLog/Timed.pm"}},"target":"Plack","version":"1.0028","name":"Plack","dist":"Plack-1.0028","pathname":"M/MI/MIYAGAWA/Plack-1.0028.tar.gz"}