<?xml version="1.0"?>
<!DOCTYPE Configure PUBLIC "-//Jetty//Configure//EN" "http://www.eclipse.org/jetty/configure.dtd">

<!-- =============================================================== -->
<!-- Add a ContextProvider to the deployment manager                 -->
<!-- - - - - - - - - - - - - - - - - - - - - - - - - - - - - - - - - -->
<!-- This scans the webapps directory for war files and directories  -->
<!-- to deploy.                                                      -->
<!-- This configuration must be used with jetty-deploy.xml, which    -->
<!-- creates the deployment manager instance                         -->
<!-- =============================================================== -->
<Configure id="Server" class="org.eclipse.jetty.server.Server">
  <Ref id="DeploymentManager">
    <Call name="addAppProvider">
      <Arg>
        <New class="org.eclipse.jetty.deploy.providers.ContextProvider">
          <Set name="monitoredDirName">file:///%INSTALL_DIR%/contexts</Set>
          <Set name="scanInterval">1</Set>
        </New>
      </Arg>
    </Call>
    <Call name="addAppProvider">
      <Arg>
        <New class="org.eclipse.jetty.deploy.providers.ContextProvider">
          <Set name="monitoredDirName"><Env name="CONTEXTS_DIR" default="non-existing-dir" /></Set>
          <Set name="scanInterval">1</Set>
        </New>
      </Arg>
    </Call>
  </Ref>
</Configure>
