{
   "abstract" : "Displays stack trace in HTML",
   "author" : [
      "Tatsuhiko Miyagawa <miyagawa@bulknews.net>"
   ],
   "dynamic_config" : 0,
   "generated_by" : "Module::Install version 1.06, CPAN::Meta::Converter version 2.131560",
   "license" : [
      "perl_5"
   ],
   "meta-spec" : {
      "url" : "http://search.cpan.org/perldoc?CPAN::Meta::Spec",
      "version" : "2"
   },
   "name" : "Devel-StackTrace-AsHTML",
   "no_index" : {
      "directory" : [
         "inc",
         "t",
         "xt"
      ]
   },
   "prereqs" : {
      "build" : {
         "requires" : {
            "ExtUtils::MakeMaker" : "6.59",
            "Test::More" : "0"
         }
      },
      "configure" : {
         "requires" : {
            "ExtUtils::MakeMaker" : "6.59"
         }
      },
      "runtime" : {
         "requires" : {
            "Devel::StackTrace" : "0",
            "Filter::Util::Call" : "0",
            "perl" : "5.008001"
         }
      }
   },
   "release_status" : "stable",
   "resources" : {
      "license" : [
         "http://dev.perl.org/licenses/"
      ],
      "repository" : {
         "type" : "git",
         "url" : "git://github.com/miyagawa/Devel-StackTrace-AsHTML.git"
      }
   },
   "version" : "0.14"
}
