{"provides":{"URI::mailto":{"file":"URI/mailto.pm"},"URI::QueryParam":{"file":"URI/QueryParam.pm"},"URI::file::Mac":{"file":"URI/file/Mac.pm"},"URI::rtsp":{"file":"URI/rtsp.pm"},"URI::urn::oid":{"file":"URI/urn/oid.pm"},"URI::https":{"file":"URI/https.pm"},"URI::file":{"version":"4.21","file":"URI/file.pm"},"URI::_punycode":{"version":"0.04","file":"URI/_punycode.pm"},"URI::file::Base":{"file":"URI/file/Base.pm"},"URI::sips":{"file":"URI/sips.pm"},"URI::rtspu":{"file":"URI/rtspu.pm"},"URI::_generic":{"file":"URI/_generic.pm"},"URI::_login":{"file":"URI/_login.pm"},"URI::urn::isbn":{"file":"URI/urn/isbn.pm"},"URI::tn3270":{"file":"URI/tn3270.pm"},"URI::rlogin":{"file":"URI/rlogin.pm"},"URI::gopher":{"file":"URI/gopher.pm"},"URI::mms":{"file":"URI/mms.pm"},"URI::ldap":{"version":"1.12","file":"URI/ldap.pm"},"URI::Split":{"file":"URI/Split.pm"},"URI::data":{"file":"URI/data.pm"},"URI::_server":{"file":"URI/_server.pm"},"URI::ldaps":{"file":"URI/ldaps.pm"},"URI::ssh":{"file":"URI/ssh.pm"},"URI::file::OS2":{"file":"URI/file/OS2.pm"},"URI::WithBase":{"version":"2.20","file":"URI/WithBase.pm"},"URI::ftp":{"file":"URI/ftp.pm"},"URI::Escape":{"version":"3.31","file":"URI/Escape.pm"},"URI::_idna":{"file":"URI/_idna.pm"},"URI::file::Win32":{"file":"URI/file/Win32.pm"},"URI::_segment":{"file":"URI/_segment.pm"},"URI::_query":{"file":"URI/_query.pm"},"URI::Heuristic":{"version":"4.20","file":"URI/Heuristic.pm"},"URI::file::QNX":{"file":"URI/file/QNX.pm"},"URI::urn":{"file":"URI/urn.pm"},"URI::sip":{"version":"0.11","file":"URI/sip.pm"},"URI::nntp":{"file":"URI/nntp.pm"},"URI::file::Unix":{"file":"URI/file/Unix.pm"},"URI":{"version":"1.60","file":"URI.pm"},"URI::http":{"file":"URI/http.pm"},"URI::telnet":{"file":"URI/telnet.pm"},"URI::_foreign":{"version":"5.04","file":"URI/URL.pm"},"URI::file::FAT":{"file":"URI/file/FAT.pm"},"URI::rsync":{"file":"URI/rsync.pm"},"URI::IRI":{"file":"URI/IRI.pm"},"URI::ldapi":{"file":"URI/ldapi.pm"},"URI::snews":{"file":"URI/snews.pm"},"URI::_ldap":{"version":"1.12","file":"URI/_ldap.pm"},"URI::URL":{"version":"5.04","file":"URI/URL.pm"},"URI::_userpass":{"file":"URI/_userpass.pm"},"URI::pop":{"file":"URI/pop.pm"},"URI::news":{"file":"URI/news.pm"}},"target":"URI","version":"1.60","name":"URI","dist":"URI-1.60","pathname":"G/GA/GAAS/URI-1.60.tar.gz"}