{"provides":{"CPAN::Meta::Feature":{"version":"2.131560","file":"lib/CPAN/Meta/Feature.pm"},"CPAN::Meta::Converter":{"version":"2.131560","file":"lib/CPAN/Meta/Converter.pm"},"CPAN::Meta::History":{"version":"2.131560","file":"lib/CPAN/Meta/History.pm"},"CPAN::Meta::Validator":{"version":"2.131560","file":"lib/CPAN/Meta/Validator.pm"},"CPAN::Meta::Spec":{"version":"2.131560","file":"lib/CPAN/Meta/Spec.pm"},"CPAN::Meta":{"version":"2.131560","file":"lib/CPAN/Meta.pm"},"CPAN::Meta::Prereqs":{"version":"2.131560","file":"lib/CPAN/Meta/Prereqs.pm"}},"target":"CPAN::Meta","version":"2.131560","name":"CPAN::Meta","dist":"CPAN-Meta-2.131560","pathname":"D/DA/DAGOLDEN/CPAN-Meta-2.131560.tar.gz"}