{
   "abstract" : "An object representing a stack trace",
   "author" : [
      "Dave Rolsky <autarch@urth.org>"
   ],
   "dynamic_config" : 0,
   "generated_by" : "Dist::Zilla version 4.300028, CPAN::Meta::Converter version 2.120921, CPAN::Meta::Converter version 2.131560",
   "license" : [
      "artistic_2"
   ],
   "meta-spec" : {
      "url" : "http://search.cpan.org/perldoc?CPAN::Meta::Spec",
      "version" : "2"
   },
   "name" : "Devel-StackTrace",
   "prereqs" : {
      "build" : {
         "requires" : {
            "Test::More" : "0.88",
            "base" : "0",
            "bytes" : "0"
         }
      },
      "configure" : {
         "requires" : {
            "ExtUtils::MakeMaker" : "6.30"
         }
      },
      "develop" : {
         "requires" : {
            "Test::Pod" : "1.41"
         }
      },
      "runtime" : {
         "requires" : {
            "File::Spec" : "0",
            "Scalar::Util" : "0",
            "overload" : "0",
            "strict" : "0",
            "warnings" : "0"
         }
      },
      "test" : {
         "requires" : {
            "Test::More" : "0.88",
            "base" : "0",
            "bytes" : "0"
         }
      }
   },
   "release_status" : "stable",
   "resources" : {
      "bugtracker" : {
         "mailto" : "bug-devel-stacktrace@rt.cpan.org",
         "web" : "http://rt.cpan.org/NoAuth/Bugs.html?Dist=Devel-StackTrace"
      },
      "repository" : {
         "type" : "git",
         "url" : "git://git.urth.org/Devel-StackTrace.git",
         "web" : "http://git.urth.org/Devel-StackTrace.git"
      }
   },
   "version" : "1.30"
}
