<?xml version="1.0"  encoding="ISO-8859-1"?>
<!DOCTYPE Configure PUBLIC "-//Jetty//Configure//EN" "http://www.eclipse.org/jetty/configure.dtd">

<Configure class="org.eclipse.jetty.webapp.WebAppContext">

  <Set name="contextPath"><Env name="APPL_VIRTUAL_PATH" default="" />/war</Set>
  <Set name="war">sample.war</Set>
  <Set name="extractWAR">true</Set>
  <Set name="copyWebDir">false</Set>
  <Set name="defaultsDescriptor"><SystemProperty name="jetty.home" default="."/>/etc/webdefault.xml</Set>

</Configure>
