{
   "abstract" : "temporary buffer to save bytes",
   "author" : [
      "Tatsuhiko Miyagawa"
   ],
   "dynamic_config" : 0,
   "generated_by" : "Module::Install version 1.06, CPAN::Meta::Converter version 2.131560",
   "license" : [
      "perl_5"
   ],
   "meta-spec" : {
      "url" : "http://search.cpan.org/perldoc?CPAN::Meta::Spec",
      "version" : "2"
   },
   "name" : "Stream-Buffered",
   "no_index" : {
      "directory" : [
         "inc",
         "t"
      ]
   },
   "prereqs" : {
      "build" : {
         "requires" : {
            "ExtUtils::MakeMaker" : "6.36"
         }
      },
      "configure" : {
         "requires" : {
            "ExtUtils::MakeMaker" : "6.36"
         }
      },
      "runtime" : {
         "requires" : {}
      }
   },
   "release_status" : "stable",
   "resources" : {
      "bugtracker" : {
         "web" : "https://github.com/plack/Plack/issues"
      },
      "homepage" : "http://plackperl.org",
      "license" : [
         "http://dev.perl.org/licenses/"
      ],
      "repository" : {
         "type" : "git",
         "url" : "git://github.com/doy/stream-buffered.git"
      }
   },
   "version" : "0.02"
}
