{"provides":{"MY":{"version":"6.72","file":"lib/ExtUtils/MakeMaker.pm"},"ExtUtils::MM_VMS":{"version":"6.72","file":"lib/ExtUtils/MM_VMS.pm"},"ExtUtils::MM_Cygwin":{"version":"6.72","file":"lib/ExtUtils/MM_Cygwin.pm"},"ExtUtils::MM_MacOS":{"version":"6.72","file":"lib/ExtUtils/MM_MacOS.pm"},"ExtUtils::MM_DOS":{"version":"6.72","file":"lib/ExtUtils/MM_DOS.pm"},"ExtUtils::MY":{"version":"6.72","file":"lib/ExtUtils/MY.pm"},"ExtUtils::MakeMaker::_version":{"version":"6.72","file":"lib/ExtUtils/MM_Unix.pm"},"MM":{"version":"6.72","file":"lib/ExtUtils/MM.pm"},"ExtUtils::MM":{"version":"6.72","file":"lib/ExtUtils/MM.pm"},"ExtUtils::Liblist::Kid":{"version":"6.72","file":"lib/ExtUtils/Liblist/Kid.pm"},"in":{"version":"6.72","file":"lib/ExtUtils/Command/MM.pm"},"ExtUtils::MM_OS2":{"version":"6.72","file":"lib/ExtUtils/MM_OS2.pm"},"ExtUtils::MM_UWIN":{"version":"6.72","file":"lib/ExtUtils/MM_UWIN.pm"},"DynaLoader":{"version":"6.72","file":"lib/ExtUtils/Mkbootstrap.pm"},"ExtUtils::MM_NW5":{"version":"6.72","file":"lib/ExtUtils/MM_NW5.pm"},"ExtUtils::Mksymlists":{"version":"6.72","file":"lib/ExtUtils/Mksymlists.pm"},"ExtUtils::MM_QNX":{"version":"6.72","file":"lib/ExtUtils/MM_QNX.pm"},"ExtUtils::MM_Win95":{"version":"6.72","file":"lib/ExtUtils/MM_Win95.pm"},"ExtUtils::MakeMaker::Config":{"version":"6.72","file":"lib/ExtUtils/MakeMaker/Config.pm"},"ExtUtils::MM_Unix":{"version":"6.72","file":"lib/ExtUtils/MM_Unix.pm"},"ExtUtils::MM_Darwin":{"version":"6.72","file":"lib/ExtUtils/MM_Darwin.pm"},"ExtUtils::MakeMaker":{"version":"6.72","file":"lib/ExtUtils/MakeMaker.pm"},"ExtUtils::MM_VOS":{"version":"6.72","file":"lib/ExtUtils/MM_VOS.pm"},"ExtUtils::MM_Win32":{"version":"6.72","file":"lib/ExtUtils/MM_Win32.pm"},"ExtUtils::testlib":{"version":"6.72","file":"lib/ExtUtils/testlib.pm"},"ExtUtils::MM_AIX":{"version":"6.72","file":"lib/ExtUtils/MM_AIX.pm"},"ExtUtils::Liblist":{"version":"6.72","file":"lib/ExtUtils/Liblist.pm"},"ExtUtils::Command::MM":{"version":"6.72","file":"lib/ExtUtils/Command/MM.pm"},"ExtUtils::MM_BeOS":{"version":"6.72","file":"lib/ExtUtils/MM_BeOS.pm"},"ExtUtils::MM_Any":{"version":"6.72","file":"lib/ExtUtils/MM_Any.pm"},"ExtUtils::Mkbootstrap":{"version":"6.72","file":"lib/ExtUtils/Mkbootstrap.pm"}},"target":"ExtUtils::MakeMaker","version":"6.72","name":"ExtUtils::MakeMaker","dist":"ExtUtils-MakeMaker-6.72","pathname":"B/BI/BINGOS/ExtUtils-MakeMaker-6.72.tar.gz"}