{"provides":{"Module::Build::Notes":{"version":"0.4007","file":"lib/Module/Build/Notes.pm"},"Module::Build::Platform::aix":{"version":"0.4007","file":"lib/Module/Build/Platform/aix.pm"},"Module::Build::Dumper":{"version":"0.4007","file":"lib/Module/Build/Dumper.pm"},"inc::latest":{"version":"0.4007","file":"lib/inc/latest.pm"},"Module::Build::Base":{"version":"0.4007","file":"lib/Module/Build/Base.pm"},"Module::Build::Platform::Default":{"version":"0.4007","file":"lib/Module/Build/Platform/Default.pm"},"Module::Build::PodParser":{"version":"0.4007","file":"lib/Module/Build/PodParser.pm"},"inc::latest::private":{"version":"0.4007","file":"lib/inc/latest/private.pm"},"Module::Build::Config":{"version":"0.4007","file":"lib/Module/Build/Config.pm"},"Module::Build::YAML":{"version":"1.41","file":"lib/Module/Build/YAML.pm"},"Module::Build::Platform::VMS":{"version":"0.4007","file":"lib/Module/Build/Platform/VMS.pm"},"Module::Build::Platform::darwin":{"version":"0.4007","file":"lib/Module/Build/Platform/darwin.pm"},"Module::Build::Platform::Unix":{"version":"0.4007","file":"lib/Module/Build/Platform/Unix.pm"},"Module::Build":{"version":"0.4007","file":"lib/Module/Build.pm"},"Module::Build::Version":{"version":"0.87","file":"lib/Module/Build/Version.pm"},"Module::Build::Platform::Windows":{"version":"0.4007","file":"lib/Module/Build/Platform/Windows.pm"},"Module::Build::Compat":{"version":"0.4007","file":"lib/Module/Build/Compat.pm"},"Module::Build::Platform::VOS":{"version":"0.4007","file":"lib/Module/Build/Platform/VOS.pm"},"Module::Build::Platform::cygwin":{"version":"0.4007","file":"lib/Module/Build/Platform/cygwin.pm"},"Module::Build::Platform::os2":{"version":"0.4007","file":"lib/Module/Build/Platform/os2.pm"},"Module::Build::PPMMaker":{"version":"0.4007","file":"lib/Module/Build/PPMMaker.pm"},"Module::Build::Cookbook":{"version":"0.4007","file":"lib/Module/Build/Cookbook.pm"},"Module::Build::ModuleInfo":{"version":"0.4007","file":"lib/Module/Build/ModuleInfo.pm"},"Module::Build::Platform::MacOS":{"version":"0.4007","file":"lib/Module/Build/Platform/MacOS.pm"}},"target":"Module::Build","version":"0.4007","name":"Module::Build","dist":"Module-Build-0.4007","pathname":"L/LE/LEONT/Module-Build-0.4007.tar.gz"}