{"provides":{"HTTP::Body::XForms":{"version":"1.17","file":"lib/HTTP/Body/XForms.pm"},"HTTP::Body":{"version":"1.17","file":"lib/HTTP/Body.pm"},"HTTP::Body::OctetStream":{"version":"1.17","file":"lib/HTTP/Body/OctetStream.pm"},"PAML":{"file":"t/lib/PAML.pm"},"HTTP::Body::XFormsMultipart":{"version":"1.17","file":"lib/HTTP/Body/XFormsMultipart.pm"},"HTTP::Body::MultiPart":{"version":"1.17","file":"lib/HTTP/Body/MultiPart.pm"},"HTTP::Body::UrlEncoded":{"version":"1.17","file":"lib/HTTP/Body/UrlEncoded.pm"}},"target":"HTTP::Body","version":"1.17","name":"HTTP::Body","dist":"HTTP-Body-1.17","pathname":"G/GE/GETTY/HTTP-Body-1.17.tar.gz"}